{
    "minId": 300000,
    "maxId": 999999,
    "minCost": 5000,
    "maxCost": 20000,
    "minHours": 80,
    "maxHours": 800,
    "minYear": 2015,
    "maxYear": 2021,
    "courseNames": [
        "Java Core",
        "JS",
        "HTML",
        "QA Manual",
        "QA Automation",
        "Java Technologies",
        "CSS",
        "React"
    ],
    "lecturers": [
        "Abraham",
        "Yackob",
        "Yosef",
        "Moses",
        "Asher",
        "Naftali"
    ],
    "types": [
        "Programming",
        "QA"
    ],
    "timing": [
        "Day",
        "Evening"
    ]
}